"Study","D1","D2","D3","D4","D5","Overall"
"Ahouz 2021","Low","Low","Low","Low","Low","Low"
"Alanazi 2020","Low","Low","No information","Low","Low","Low"
"Amaral 2021","Low","Low","Low","Low","Low","Low"
"Barraza 2021","Low","Low","Low","Low","Low","Low"
"Basu 2020","Low","Low","Low","Low","Low","Low"
"Bedi 2021","Low","Low","Low","Low","Low","Low"
"Bushira 2021","Low","Low","No information","Low","Low","Low"
"Casini 2020","Low","Low","Low","Low","Low","Low"
"Garetto 2021","Low","Low","Low","Low","Low","Low"
"Giacopelli 2021","Low","Low","Low","Low","Low","Low"
"Haghighat 2021","Low","Low","Low","Low","Low","Low"
"Kolozv√°ri 2021","Low","Low","Low","Low","Low","Low"
"Kou 2021","Low","Low","Low","Low","Low","Low"
"Kuo 2021","Low","Low","No information","High","Low","High"
"Majhi 2020","Low","Low","Low","Some concerns","Low","Some concerns"
"Malakar 2021","Low","Low","Low","Low","Low","Low"
"Marzouk 2021","Low","Low","Low","Low","Low","Low"
"Mohan 2021","Low","Low","Some concerns","Some concerns","Low","Some concerns"
"Namasudra 2021","Low","Low","Low","Low","Low","Low"
"Ohi 2020","Low","Low","No information","Some concerns","Low","Some concerns"
"Ozik 2021","Low","Some concerns","No information","Some concerns","Some concerns","Some concerns"
"Pan 2021","Low","Low","No information","Some concerns","High","High"
"Pang 2021","Low","Low","No information","High","Low","High"
"Pourghasemi 2020","Low","Low","Low","Low","Low","Low"
"Raheja 2020","Low","Low","Some concerns","Low","Low","Some concerns"
"Rashed 2021","Low","Low","No information","Low","Low","Low"
"Shoaib 2021","Low","Low","No information","Low","High","High"
"Swaraj 2021","Low","Low","Low","Low","Low","Low"
"Vasconcelos 2021","Low","Low","Low","Some concerns","Low","Some concerns"
"Zivkovic 2021","Low","Some concerns","Low","Low","High","High"
